author,linked_title
夏目漱石,10月10日
夏目漱石,11月29日
夏目漱石,11月5日
夏目漱石,12月9日
夏目漱石,1702年
夏目漱石,1867年
夏目漱石,1868年
夏目漱石,1869年
夏目漱石,1870年
夏目漱石,1874年
夏目漱石,1876年
夏目漱石,1878年
夏目漱石,1879年
夏目漱石,1881年
夏目漱石,1883年
夏目漱石,1884年
夏目漱石,1885年
夏目漱石,1886年
夏目漱石,1887年
夏目漱石,1888年
夏目漱石,1889年
夏目漱石,1890年
夏目漱石,1891年
夏目漱石,1892年
夏目漱石,1893年
夏目漱石,1894年
夏目漱石,1895年
夏目漱石,1896年
夏目漱石,1897年
夏目漱石,1898年
夏目漱石,1899年
夏目漱石,1900年
夏目漱石,1901年
夏目漱石,1902年
夏目漱石,1903年
夏目漱石,1904年
夏目漱石,1905年
夏目漱石,1906年
夏目漱石,1907年
夏目漱石,1908年
夏目漱石,1909年
夏目漱石,1910年
夏目漱石,1911年
夏目漱石,1912年
夏目漱石,1913年
夏目漱石,1914年
夏目漱石,1915年
夏目漱石,1916年
夏目漱石,1946年
夏目漱石,1960年代
夏目漱石,1966年
夏目漱石,1967年
夏目漱石,1984年
夏目漱石,1990年代
夏目漱石,1994年
夏目漱石,1月5日 (旧暦)
夏目漱石,2004年
夏目漱石,2005年
夏目漱石,2006年
夏目漱石,2008年
夏目漱石,2016年
夏目漱石,2017年
夏目漱石,20世紀デザイン切手シリーズ
夏目漱石,2月21日
夏目漱石,2月9日
夏目漱石,9月10日
夏目漱石,AERA
夏目漱石,AERA DIGITAL
夏目漱石,AERA English
夏目漱石,ASAHIパソコン
夏目漱石,ATOK
夏目漱石,Asahi+C
夏目漱石,BS朝日
夏目漱石,Be (朝日新聞)
夏目漱石,BuzzFeed Japan
夏目漱石,Emi (東京都出身のミュージシャン)
夏目漱石,Facebook
夏目漱石,ISBN
夏目漱石,ISSN
夏目漱石,KBCグループホールディングス
夏目漱石,KBCラジオ
夏目漱石,NAID (識別子)
夏目漱石,NHK-FM放送
夏目漱石,OCLC (識別子)
夏目漱石,SEVEN (新聞)
夏目漱石,VISAカード
夏目漱石,Withnews
夏目漱石,「坊っちゃん」の時代
夏目漱石,うつ病
夏目漱石,こどもの国 (横浜市)
夏目漱石,こゝろ
夏目漱石,それから
夏目漱石,ちくま文庫
夏目漱石,ののちゃん
夏目漱石,むのたけじ
夏目漱石,アイスクリーム
夏目漱石,アサヒる問題
夏目漱石,アサヒカメラ
夏目漱石,アサヒグラフ
夏目漱石,アスパラクラブ
夏目漱石,アナザースカイ (テレビ番組)
夏目漱石,アメリカ合衆国
夏目漱石,アラン・ターニー
夏目漱石,アーサー王物語
夏目漱石,イギリス
夏目漱石,イギリス文学者
夏目漱石,イベント
夏目漱石,インターネットアーカイブ
夏目漱石,インテリ
夏目漱石,ウィリアム・クレイグ
夏目漱石,ウィリアム・シェイクスピア
夏目漱石,ウェイバックマシン
夏目漱石,エゴイズム
夏目漱石,オフィーリア (絵画)
夏目漱石,オレゴン大学
夏目漱石,オールニッポン・ニュースネットワーク
夏目漱石,カナダ
夏目漱石,カムデン区
夏目漱石,クラウドファンディング
夏目漱石,グレン・グールド
夏目漱石,グレース・ノット
夏目漱石,ゲオルク・ヴィルヘルム・フリードリヒ・ヘーゲル
夏目漱石,コトバンク
夏目漱石,コラム
夏目漱石,ゴットホルト・エフライム・レッシング
夏目漱石,サザエさん
夏目漱石,サリー州
夏目漱石,シンガーソングライター
夏目漱石,シーエス・ワンテン
夏目漱石,ジェイ・ルービン
夏目漱石,ジェームズ・マードック
夏目漱石,ジェームズ・メイン・ディクソン
夏目漱石,ジャム
夏目漱石,ジュニアエラ
夏目漱石,ジュニア朝日海外電子版
夏目漱石,ジョージ・メレディス
夏目漱石,スカイA
夏目漱石,スコットランド
夏目漱石,スーザン・ソンタグ
夏目漱石,セルゲイ・エリセーエフ
夏目漱石,セントライト記念
夏目漱石,ソノラマ文庫
夏目漱石,チャールズ・ディケンズ
夏目漱石,ツアー・オブ・ジャパン
夏目漱石,テレビ朝日
夏目漱石,テレビ朝日ホールディングス
夏目漱石,テレビ熊本
夏目漱石,トラコーマ
夏目漱石,トロント大学
夏目漱石,ドイツ
夏目漱石,ニュートン (雑誌)
夏目漱石,ネムキ
夏目漱石,ノイローゼ
夏目漱石,ハフポスト
夏目漱石,ハルキ文庫
夏目漱石,ハルビン駅
夏目漱石,パブリックドメイン
夏目漱石,パリ万国博覧会 (1900年)
夏目漱石,ヒステリー
夏目漱石,ビーフステーキ
夏目漱石,ピー・シー・エル映画製作所
夏目漱石,フェスティバルホール
夏目漱石,フジ三太郎
夏目漱石,プリキュア新聞
夏目漱石,ヘラルド朝日
夏目漱石,ベッジ・パードン
夏目漱石,ベルマーク運動
夏目漱石,ペエスケ
夏目漱石,ペンネーム
夏目漱石,ホトトギス (雑誌)
夏目漱石,ポーラ名作劇場
夏目漱石,ヤマトタケル
夏目漱石,ユダヤ人
夏目漱石,ユニヴァーシティ・カレッジ・ロンドン
夏目漱石,ユメ十夜
夏目漱石,ヨハン・ヴォルフガング・フォン・ゲーテ
夏目漱石,ラファエル・フォン・ケーベル
夏目漱石,ランベス区
夏目漱石,リューマチ
夏目漱石,ロマン主義
夏目漱石,ロンドン
夏目漱石,ロンドン塔
夏目漱石,ワープロ
夏目漱石,一夜
夏目漱石,一柳東一郎
夏目漱石,一橋大学
夏目漱石,三四郎
夏目漱石,三宅やす子
夏目漱石,三島由紀夫
夏目漱石,三橋達也
夏目漱石,三河国
夏目漱石,三浦甲子二
夏目漱石,三浦雅士
夏目漱石,三谷幸喜
夏目漱石,三谷幸喜のありふれた生活
夏目漱石,上田敏
夏目漱石,上野尚一
夏目漱石,上野淳一
夏目漱石,上野理一
夏目漱石,上野精一
夏目漱石,下村宏
夏目漱石,不動産
夏目漱石,世界のナベアツ
夏目漱石,世界文学のスーパースター夏目漱石
夏目漱石,世説新語
夏目漱石,中之島フェスティバルタワー
夏目漱石,中公新書
夏目漱石,中勘助
夏目漱石,中国語
夏目漱石,中川信夫
夏目漱石,中川小十郎
夏目漱石,中川英造
夏目漱石,中村古峡
夏目漱石,中村是公
夏目漱石,中根重一
夏目漱石,中江利忠
夏目漱石,中華人民共和国
夏目漱石,中華料理
夏目漱石,中華民国
夏目漱石,丸山誠治
夏目漱石,久世光彦
夏目漱石,久米正雄
夏目漱石,九州朝日放送
夏目漱石,二松学舎大学
夏目漱石,二松學舍
夏目漱石,二松學舍大学
夏目漱石,二百十日 (小説)
夏目漱石,二葉亭四迷
夏目漱石,京都大学大学院文学研究科・文学部
夏目漱石,人材派遣
夏目漱石,伊藤博文
夏目漱石,伊藤博文暗殺事件
夏目漱石,伊藤律会見報道事件
夏目漱石,伊藤邦男
夏目漱石,伊豆国
夏目漱石,佐々弘雄
夏目漱石,佐古純一郎
夏目漱石,佐藤友熊
夏目漱石,余裕派
夏目漱石,作曲家
夏目漱石,価値観
夏目漱石,信夫韓一郎
夏目漱石,修善寺温泉
夏目漱石,俳人
夏目漱石,俳句
夏目漱石,俳号
夏目漱石,個人主義
夏目漱石,倫敦塔 (小説)
夏目漱石,元禄
夏目漱石,入江徳郎
夏目漱石,全国ママさんバレーボール大会
夏目漱石,全国ミニバスケットボール大会
夏目漱石,全国レディーステニス大会
夏目漱石,全国高等学校野球選手権大会
夏目漱石,全日本おかあさんコーラス大会
夏目漱石,全日本アンサンブルコンテスト
夏目漱石,全日本バレーボール大学男女選手権大会
夏目漱石,全日本マーチングコンテスト
夏目漱石,全日本合唱コンクール
夏目漱石,全日本合唱連盟
夏目漱石,全日本吹奏楽コンクール
夏目漱石,全日本吹奏楽連盟
夏目漱石,全日本大学駅伝対校選手権大会
夏目漱石,全日本学生囲碁十傑戦
夏目漱石,全日本学生柔道体重別選手権大会
夏目漱石,全日本小学校バンドフェスティバル
夏目漱石,八代郡
夏目漱石,兵役逃れ
夏目漱石,典医
夏目漱石,内地
夏目漱石,内幸町
夏目漱石,内田百閒
夏目漱石,円覚寺
夏目漱石,前田利鎌
夏目漱石,前田陽一 (映画監督)
夏目漱石,加藤シゲアキ
夏目漱石,劣等感
夏目漱石,勝田康三
夏目漱石,北原義郎
夏目漱石,北海道
夏目漱石,北海道テレビ放送
夏目漱石,北海道日刊スポーツ新聞社
夏目漱石,北里柴三郎
夏目漱石,千代田区立お茶の水小学校
夏目漱石,千円紙幣
夏目漱石,千駄木
夏目漱石,千駄木駅
夏目漱石,半藤一利
夏目漱石,半藤末利子
夏目漱石,南池袋
夏目漱石,南海放送
夏目漱石,南満州鉄道
夏目漱石,南満洲鉄道
夏目漱石,博物館明治村
夏目漱石,印刷会社
夏目漱石,厨川千江
夏目漱石,厨川白村
夏目漱石,厭世主義
夏目漱石,反自然主義文学
夏目漱石,古井由吉
夏目漱石,台東区立蔵前小学校
夏目漱石,号外
夏目漱石,吉川幸次郎
夏目漱石,吉田調書
夏目漱石,名主
夏目漱石,名主 (江戸)
夏目漱石,名人 (囲碁)
夏目漱石,名人戦 (将棋)
夏目漱石,名古屋テレビ放送
夏目漱石,名探偵ホームズ
夏目漱石,向丘 (文京区)
夏目漱石,君和田正夫
夏目漱石,吾輩は主婦である
夏目漱石,吾輩は猫である
夏目漱石,呉秀三
夏目漱石,周作人
夏目漱石,和辻哲郎
夏目漱石,哈爾浜
夏目漱石,唐
夏目漱石,問屋
夏目漱石,喜久井町
夏目漱石,嘉納治五郎
夏目漱石,四谷
夏目漱石,図書 (雑誌)
夏目漱石,国家
夏目漱石,土井晩翠
夏目漱石,地球防衛家のヒトビト
夏目漱石,坂の上の雲 (テレビドラマ)
夏目漱石,坂元雪鳥
夏目漱石,坂越
夏目漱石,坊っちゃん
夏目漱石,坊つちやん
夏目漱石,坊つちやん (テレビドラマ)
夏目漱石,坊つちやん (映画)
夏目漱石,坐禅
夏目漱石,坑夫
夏目漱石,埼玉郡
夏目漱石,堀部圭亮
夏目漱石,塩原温泉郷
夏目漱石,墨汁一滴
夏目漱石,声調
夏目漱石,夏目一人
夏目漱石,夏目伸六
夏目漱石,夏目吉信
夏目漱石,夏目哲郎
夏目漱石,夏目国平
夏目漱石,夏目坂
夏目漱石,夏目太郎
夏目漱石,夏目家どろぼう綺談
夏目漱石,夏目房之介
夏目漱石,夏目氏
夏目漱石,夏目漱石の妻
夏目漱石,夏目漱石内坪井旧居
夏目漱石,夏目漱石賞
夏目漱石,夏目純一
夏目漱石,夏目鏡子
夏目漱石,夕刊朝日新聞
夏目漱石,外山正一
夏目漱石,夢十夜
夏目漱石,大佛次郎論壇賞
夏目漱石,大佛次郎賞
夏目漱石,大倉燁子
夏目漱石,大学予備門
夏目漱石,大学校 (1869年)
夏目漱石,大学院
夏目漱石,大岡昇平
夏目漱石,大日本帝国
夏目漱石,大日本帝国陸軍
夏目漱石,大正
夏目漱石,大江健三郎
夏目漱石,大逆転裁判
夏目漱石,大阪朝日新聞
夏目漱石,大韓民国
夏目漱石,天声人語
夏目漱石,天然痘
夏目漱石,太田氏房
夏目漱石,太田達人
夏目漱石,奥太一郎
夏目漱石,学情
夏目漱石,学校法人二松学舎
夏目漱石,学校用務員
夏目漱石,学習院輔仁会雑誌
夏目漱石,孫楚
夏目漱石,安住紳一郎
夏目漱石,安倍能成
夏目漱石,安房国
夏目漱石,官僚
夏目漱石,官報
夏目漱石,定紋
夏目漱石,宮城音弥
夏目漱石,家紋
夏目漱石,寺田寅彦
夏目漱石,小宮豊隆
夏目漱石,小幡欣治
夏目漱石,小森陽一 (国文学者)
夏目漱石,小泉八雲
夏目漱石,小澤征悦
夏目漱石,小西作太郎
夏目漱石,小説
夏目漱石,小説家
夏目漱石,小谷野敦
夏目漱石,就職情報会社
夏目漱石,尼子四郎
夏目漱石,尾崎秀実
夏目漱石,尾崎紅葉
夏目漱石,山中央
夏目漱石,山口雄大
夏目漱石,山本嘉次郎
夏目漱石,山本耕史
夏目漱石,岡栄一郎
夏目漱石,岩内町
夏目漱石,岩内郡
夏目漱石,岩槻藩
夏目漱石,岩波文庫
夏目漱石,岩波新書
夏目漱石,岩波書店
夏目漱石,岩波茂雄
夏目漱石,島村盛助
夏目漱石,川島幸希
夏目漱石,川田順
夏目漱石,川端康成
夏目漱石,市川崑
夏目漱石,市村泰一
夏目漱石,帝国大学
夏目漱石,干支
夏目漱石,平仄
夏目漱石,平塚らいてう
夏目漱石,平川祐弘
夏目漱石,平成
夏目漱石,幻影の盾
夏目漱石,広告代理店
夏目漱石,広岡知男
夏目漱石,広島ホームテレビ
夏目漱石,広瀬道貞
夏目漱石,広辞苑
夏目漱石,強迫観念
夏目漱石,当て字
夏目漱石,影響
夏目漱石,彼岸過迄
夏目漱石,徂徠学派
夏目漱石,後妻
夏目漱石,後志国
夏目漱石,従六位
夏目漱石,徳川氏
夏目漱石,徳田秋声
夏目漱石,徴兵
夏目漱石,心中
夏目漱石,志賀直哉
夏目漱石,思い出すことなど
夏目漱石,思ひ出す事など
夏目漱石,恒松郁生
夏目漱石,情報
夏目漱石,愚陀仏庵
夏目漱石,愛媛県立松山東高等学校
夏目漱石,愛知県
夏目漱石,慶応
夏目漱石,成瀬正一 (フランス文学者)
夏目漱石,成立学園中学校・高等学校
夏目漱石,成立学舎
夏目漱石,戒名
夏目漱石,戸坂潤
夏目漱石,房総半島
夏目漱石,手塚治虫文化賞
夏目漱石,播州
夏目漱石,政治家
夏目漱石,故事
夏目漱石,教員
夏目漱石,教授
夏目漱石,文京区
夏目漱石,文化人切手
夏目漱石,文学
夏目漱石,文学博士
夏目漱石,文学士
夏目漱石,文部省
夏目漱石,文鳥 (小説)
夏目漱石,斎藤紀一
夏目漱石,斎藤茂太
夏目漱石,新s
夏目漱石,新宿区
夏目漱石,新宿区立愛日小学校
夏目漱石,新宿区立漱石山房記念館
夏目漱石,新潮文庫
夏目漱石,新潮社
夏目漱石,新潮選書
夏目漱石,新藤兼人
夏目漱石,方丈記
夏目漱石,旗本
夏目漱石,日刊スポーツ
夏目漱石,日刊スポーツPRESS
夏目漱石,日刊スポーツホールディングス
夏目漱石,日刊スポーツ新聞西日本
夏目漱石,日曜版
夏目漱石,日本
夏目漱石,日本エディタースクール
夏目漱石,日本ケーブルテレビジョン
夏目漱石,日本スリーデーマーチ
夏目漱石,日本テレビ放送網
夏目漱石,日本医科大学
夏目漱石,日本文学
夏目漱石,日本漢字能力検定
夏目漱石,日本語
夏目漱石,日本近代文学会
夏目漱石,日本銀行券
夏目漱石,日韓併合
夏目漱石,早稲田
夏目漱石,早稲田南町
夏目漱石,早稲田大学
夏目漱石,明日への環境賞
夏目漱石,明暗
夏目漱石,明治
夏目漱石,明治大学
夏目漱石,明治維新
夏目漱石,昭和
夏目漱石,時事新報
夏目漱石,晋書
夏目漱石,暗夜行路
夏目漱石,書記言語
夏目漱石,月刊Asahi
夏目漱石,有楽町センタービル
夏目漱石,有楽町朝日ホール
夏目漱石,朝日アマチュア囲碁名人戦
夏目漱石,朝日インタラクティブ
夏目漱石,朝日ウィークリー
夏目漱石,朝日ジャーナル
夏目漱石,朝日スポーツ賞
夏目漱石,朝日ニュースター
夏目漱石,朝日ネット
夏目漱石,朝日ビルディング
夏目漱石,朝日プリンテック
夏目漱石,朝日中高生新聞
夏目漱石,朝日作曲賞 (合唱)
夏目漱石,朝日作曲賞 (吹奏楽)
夏目漱石,朝日学生新聞社
夏目漱石,朝日学生新聞社児童文学賞
夏目漱石,朝日小学生新聞
夏目漱石,朝日年鑑
夏目漱石,朝日広告社
夏目漱石,朝日広告社 (福岡県)
夏目漱石,朝日建物管理
夏目漱石,朝日放送グループホールディングス
夏目漱石,朝日放送テレビ
夏目漱石,朝日放送ラジオ
夏目漱石,朝日文字
夏目漱石,朝日文庫
夏目漱石,朝日新書
夏目漱石,朝日新聞
夏目漱石,朝日新聞 (ニュースサイト)
夏目漱石,朝日新聞の慰安婦報道問題
夏目漱石,朝日新聞の新党日本に関する捏造事件
夏目漱石,朝日新聞グローブ
夏目漱石,朝日新聞ニュース
夏目漱石,朝日新聞信用組合
夏目漱石,朝日新聞出版
夏目漱石,朝日新聞北海道支社
夏目漱石,朝日新聞名古屋本社
夏目漱石,朝日新聞国際衛星版
夏目漱石,朝日新聞大阪本社
夏目漱石,朝日新聞文化財団
夏目漱石,朝日新聞東京本社
夏目漱石,朝日新聞東京本社ビル
夏目漱石,朝日新聞珊瑚記事捏造事件
夏目漱石,朝日新聞社
夏目漱石,朝日新聞社員2ちゃんねる差別表現書込事件
夏目漱石,朝日新聞社杯競輪祭
夏目漱石,朝日新聞福岡本部
夏目漱石,朝日新聞総合サービス
夏目漱石,朝日新聞縮刷版
夏目漱石,朝日新聞西部本社
夏目漱石,朝日時代小説大賞
夏目漱石,朝日杯フューチュリティステークス
夏目漱石,朝日杯将棋オープン戦
夏目漱石,朝日賞
夏目漱石,朝日選書
夏目漱石,朝霞自衛官殺害事件
夏目漱石,朝鮮
夏目漱石,朝鮮語
夏目漱石,木曜会 (夏目漱石)
夏目漱石,木村伊兵衛写真賞
夏目漱石,木村伊量
夏目漱石,本多勝一
夏目漱石,本多顕彰
夏目漱石,本庄事件
夏目漱石,本木雅弘
夏目漱石,本田博太郎
夏目漱石,本郷区
夏目漱石,村上春樹
夏目漱石,村山事件
夏目漱石,村山美知子
夏目漱石,村山長挙
夏目漱石,村山龍平
夏目漱石,東京大学
夏目漱石,東京大学 (1877-1886)
夏目漱石,東京大学大学院人文社会系研究科・文学部
夏目漱石,東京大学大学院医学系研究科・医学部
夏目漱石,東京専門学校
夏目漱石,東京専門学校 (旧制)
夏目漱石,東京市
夏目漱石,東京市長
夏目漱石,東京府
夏目漱石,東京朝日新聞
夏目漱石,東京都
夏目漱石,東京都立日比谷高等学校
夏目漱石,東京高等師範学校
夏目漱石,東北大学
夏目漱石,東大予備門
夏目漱石,東日本放送
夏目漱石,東映
夏目漱石,松下宗之
夏目漱石,松原正
夏目漱石,松山市
夏目漱石,松岡譲
夏目漱石,松岡讓
夏目漱石,松岡陽子マックレイン
夏目漱石,松根東洋城
夏目漱石,松浦一
夏目漱石,松浦嘉一
夏目漱石,林原耒井
夏目漱石,柄谷行人
夏目漱石,柏原収史
夏目漱石,柔道
夏目漱石,栃木県
夏目漱石,栗原古城
夏目漱石,桐谷健太
夏目漱石,桑田弘一郎
夏目漱石,梶井基次郎
夏目漱石,森巻吉
夏目漱石,森恭三
夏目漱石,森田芳光
夏目漱石,森田草平
夏目漱石,森鷗外
夏目漱石,植民地
夏目漱石,横たわる漱石
夏目漱石,横光利一
夏目漱石,横浜トリエンナーレ
夏目漱石,横田武夫
夏目漱石,橋本左五郎
夏目漱石,欧州連合
夏目漱石,欧米
夏目漱石,歌舞伎
夏目漱石,正七位
夏目漱石,正岡子規
夏目漱石,正木直彦
夏目漱石,武田勝頼
夏目漱石,武田氏
夏目漱石,武者小路実篤
夏目漱石,武蔵国
夏目漱石,歴史秘話ヒストリア
夏目漱石,民事訴訟
夏目漱石,水彩画
夏目漱石,水村美苗
夏目漱石,永井大三
夏目漱石,永日小品
夏目漱石,江口渙
夏目漱石,江戸
夏目漱石,江東義塾
夏目漱石,江藤淳
夏目漱石,池田菊苗
夏目漱石,池辺三山
夏目漱石,津和野藩
夏目漱石,津田青楓
夏目漱石,浜寺公園
夏目漱石,浜離宮朝日ホール
夏目漱石,深代惇郎
夏目漱石,清和源氏
夏目漱石,渡辺三男 (国文学者)
夏目漱石,渡辺誠毅
夏目漱石,渡辺雅隆
夏目漱石,湯ヶ原
夏目漱石,湯浅廉孫
夏目漱石,満州
夏目漱石,満洲日日新聞
夏目漱石,満韓ところどころ
夏目漱石,源満快
夏目漱石,滑稽本
夏目漱石,滝田樗陰
夏目漱石,漢籍
夏目漱石,漢詩
夏目漱石,漫画
夏目漱石,漱石 (小惑星)
夏目漱石,漱石の夏やすみ
夏目漱石,漱石悶々 夏目漱石最後の恋 京都祇園の二十九日間
夏目漱石,濱尾新
夏目漱石,瀬沼茂樹
夏目漱石,炭
夏目漱石,点頭録
夏目漱石,煤煙 (小説)
夏目漱石,熊本大学
夏目漱石,熊本日日新聞社
夏目漱石,熊本県
夏目漱石,牛込
夏目漱石,牛込区
夏目漱石,物集和子
夏目漱石,犬山市
夏目漱石,狩野亨吉
夏目漱石,現代日本の開化
夏目漱石,琴のそら音
夏目漱石,甘党
夏目漱石,産経新聞
夏目漱石,田中慎次郎
夏目漱石,田代喜久雄
夏目漱石,甲斐国
夏目漱石,留学
夏目漱石,番匠義彰
夏目漱石,疱瘡
夏目漱石,病跡学
夏目漱石,痔
夏目漱石,白川 (熊本県)
夏目漱石,白樺派
夏目漱石,白石凡
夏目漱石,白虹事件
夏目漱石,皆川正禧
夏目漱石,真鍋嘉一郎
夏目漱石,知恵蔵
夏目漱石,知識
夏目漱石,石井光次郎
夏目漱石,石原千秋
夏目漱石,石川啄木
夏目漱石,石黒忠悳
夏目漱石,硝子戸の中
夏目漱石,神奈川近代文学館
夏目漱石,神経衰弱 (精神疾患)
夏目漱石,禅
夏目漱石,福岡国際マラソン
夏目漱石,福田清人
夏目漱石,私の個人主義
夏目漱石,秋山耿太郎
夏目漱石,科学朝日
夏目漱石,秦正流
夏目漱石,種痘
夏目漱石,穢多
夏目漱石,笠信太郎
夏目漱石,第一高等学校 (旧制)
夏目漱石,第五高等学校 (旧制)
夏目漱石,筑摩書房
夏目漱石,筑紫哲也
夏目漱石,筒井ともみ
夏目漱石,筧利夫
夏目漱石,箱島信一
夏目漱石,精神病
夏目漱石,精神科医
夏目漱石,糖尿病
夏目漱石,系図
夏目漱石,素粒子 (朝日新聞)
夏目漱石,紫溟吟社
夏目漱石,結婚
夏目漱石,結核
夏目漱石,統合失調症
夏目漱石,総裁
夏目漱石,緒方竹虎
夏目漱石,編曲家
夏目漱石,美土路昌一
夏目漱石,老子
夏目漱石,耳納山地
夏目漱石,聖徳太子
夏目漱石,肩こり
夏目漱石,胃
夏目漱石,胃潰瘍
夏目漱石,脳
夏目漱石,腹膜炎
夏目漱石,臍
夏目漱石,自炊
夏目漱石,自然主義文学
夏目漱石,船橋洋一
夏目漱石,芥川龍之介
夏目漱石,芳賀矢一
夏目漱石,若宮啓文
夏目漱石,英語圏
夏目漱石,茂木健一郎
夏目漱石,茶の湯
夏目漱石,草枕
夏目漱石,荒垣秀雄
夏目漱石,菅虎雄
夏目漱石,菊池寛
夏目漱石,菊田一夫
夏目漱石,華厳滝
夏目漱石,落款
夏目漱石,落第
夏目漱石,著作家
夏目漱石,著作権
夏目漱石,蓮實重彦
夏目漱石,薤露行
夏目漱石,薩摩藩
夏目漱石,藤岡弘、
夏目漱石,藤村操
夏目漱石,藤田宗久
夏目漱石,虞美人草
夏目漱石,虫垂炎
夏目漱石,行人
夏目漱石,西村天囚
夏目漱石,西村濤蔭
夏目漱石,西片
夏目漱石,西部邁
夏目漱石,角川文庫
夏目漱石,言文一致
夏目漱石,言葉遊び
夏目漱石,記事
夏目漱石,評論
夏目漱石,評論家
夏目漱石,読売新聞
夏目漱石,論座
夏目漱石,講談社学術文庫
夏目漱石,講道館
夏目漱石,警視庁 (内務省)
夏目漱石,谷口ジロー
夏目漱石,豊島区
夏目漱石,豊島郡 (武蔵国)
夏目漱石,豊川悦司
夏目漱石,貴族院 (日本)
夏目漱石,質屋
夏目漱石,赤シャツの逆襲
夏目漱石,赤報隊事件
夏目漱石,赤木桁平
夏目漱石,赤穂浪士
夏目漱石,趣味
夏目漱石,趣味の遺伝
夏目漱石,転地療養
夏目漱石,辰野隆
夏目漱石,近代
夏目漱石,近代化
夏目漱石,迷信
夏目漱石,通信
夏目漱石,通字
夏目漱石,速水奨
夏目漱石,週刊しゃかぽん
夏目漱石,週刊マンガ世界の偉人
夏目漱石,週刊マンガ日本史
夏目漱石,週刊朝日
夏目漱石,週刊朝日による橋下徹特集記事問題
夏目漱石,遊女
夏目漱石,道草 (小説)
夏目漱石,遠山参良
夏目漱石,郷土の偉人シリーズ
夏目漱石,郷士
夏目漱石,都倉俊一
夏目漱石,釈宗演
夏目漱石,里子
夏目漱石,野上弥生子
夏目漱石,野上豊一郎
夏目漱石,野分 (小説)
夏目漱石,野口英世
夏目漱石,野村伝四
夏目漱石,野村秀雄
夏目漱石,野球害毒論
夏目漱石,野間真綱
夏目漱石,金子健二
夏目漱石,鈴木三重吉
夏目漱石,鈴木禎次
夏目漱石,鉄道院
夏目漱石,銀の匙
夏目漱石,鎌倉市
夏目漱石,長尾剛
夏目漱石,長與又郎
夏目漱石,長谷川博己
夏目漱石,長谷川如是閑
夏目漱石,長谷部忠
夏目漱石,門 (小説)
夏目漱石,関川夏央
夏目漱石,阿部次郎
夏目漱石,随筆
夏目漱石,随筆家
夏目漱石,障子
夏目漱石,雑司ヶ谷霊園
夏目漱石,青空文庫
夏目漱石,韓満所感
夏目漱石,音楽プロデューサー
夏目漱石,順位戦
夏目漱石,飯田利行
夏目漱石,養子
夏目漱石,首席
夏目漱石,馬場下横町
夏目漱石,馬場下町
夏目漱石,高力氏
夏目漱石,高力清長
夏目漱石,高原操
夏目漱石,高島俊男
夏目漱石,高浜虚子
夏目漱石,高田馬場
夏目漱石,高等遊民
夏目漱石,高踏派
夏目漱石,魯迅
夏目漱石,鳥居素川
夏目漱石,Wikipedia:「要出典」をクリックされた方へ
夏目漱石,Wikipedia:ウィキメディア・プロジェクト
夏目漱石,Wikipedia:スタイルマニュアル (レイアウト)
夏目漱石,Wikipedia:信頼できる情報源
夏目漱石,Wikipedia:出典を明記する
夏目漱石,Wikipedia:検証可能性
夏目漱石,Template:Infobox 作家
夏目漱石,Template:夏目漱石
夏目漱石,Template:朝日新聞社
夏目漱石,Template:歴代千円札
夏目漱石,Template‐ノート:夏目漱石
夏目漱石,Template‐ノート:朝日新聞社
夏目漱石,Template‐ノート:歴代千円札
夏目漱石,Help:典拠管理
夏目漱石,Help:脚注
夏目漱石,Help:脚注/読者向け
夏目漱石,Category:夏目漱石
夏目漱石,Category:夏目漱石の小説
夏目漱石,Category:朝日新聞に連載された漫画
夏目漱石,Category:朝日新聞の記事
夏目漱石,Category:朝日新聞社
夏目漱石,Category:朝日新聞社のイベント
夏目漱石,Category:朝日新聞社の人物
夏目漱石,Category:朝日新聞社の歴史
夏目漱石,Category:朝日新聞社主催の賞
夏目漱石,Portal:文学
芥川龍之介,11月8日
芥川龍之介,1892年
芥川龍之介,1898年
芥川龍之介,1907年
芥川龍之介,1910年
芥川龍之介,1911年
芥川龍之介,1913年
芥川龍之介,1914年
芥川龍之介,1915年
芥川龍之介,1916年
芥川龍之介,1918年
芥川龍之介,1919年
芥川龍之介,1920年
芥川龍之介,1921年
芥川龍之介,1922年
芥川龍之介,1923年
芥川龍之介,1924年
芥川龍之介,1925年
芥川龍之介,1926年
芥川龍之介,1927年
芥川龍之介,1934年
芥川龍之介,1945年
芥川龍之介,2008年
芥川龍之介,2月1日
芥川龍之介,3月12日
芥川龍之介,3月1日
芥川龍之介,3月30日
芥川龍之介,4月20日
芥川龍之介,5月25日
芥川龍之介,7月12日
芥川龍之介,7月24日
芥川龍之介,8月15日
芥川龍之介,9月1日
芥川龍之介,ASIN (識別子)
芥川龍之介,Doi (識別子)
芥川龍之介,ISBN
芥川龍之介,ISSN
芥川龍之介,NAID (識別子)
芥川龍之介,NCID (識別子)
芥川龍之介,SPレコード
芥川龍之介,「ケルトの薄明」より
芥川龍之介,あばばばば
芥川龍之介,おぎん
芥川龍之介,おしの
芥川龍之介,きりしとほろ上人伝
芥川龍之介,さまよえる猶太人
芥川龍之介,つるや旅館
芥川龍之介,ひょっとこ
芥川龍之介,るしへる
芥川龍之介,アイルランド文学
芥川龍之介,アグニの神
芥川龍之介,アジア歴史資料センター
芥川龍之介,アナトール・フランス
芥川龍之介,アフォリズム
芥川龍之介,アルトゥル・ショーペンハウアー
芥川龍之介,イヌ
芥川龍之介,イーゴリ・ストラヴィンスキー
芥川龍之介,ウィキクォート
芥川龍之介,ウィリアム・バトラー・イェイツ
芥川龍之介,ウィリアム・モリス
芥川龍之介,ウェルテル効果
芥川龍之介,エログロ
芥川龍之介,エンペドクレス
芥川龍之介,カフェー (風俗営業)
芥川龍之介,キリシタン
芥川龍之介,クラウドファンディング
芥川龍之介,コトバンク
芥川龍之介,ゴマブックス
芥川龍之介,サンデー毎日
芥川龍之介,シアン化カリウム
芥川龍之介,ジョージ・バーナード・ショー
芥川龍之介,ストレンジャー〜上海の芥川龍之介〜
芥川龍之介,スペインかぜ
芥川龍之介,ソドムとゴモラ
芥川龍之介,テオフィル・ゴーティエ
芥川龍之介,テロリズム
芥川龍之介,トロツコ
芥川龍之介,ドイツ語
芥川龍之介,ドッペルゲンガー
芥川龍之介,バルタザアル
芥川龍之介,バルビタール
芥川龍之介,バルビツール酸系
芥川龍之介,ファッションデザイナー
芥川龍之介,フィリップ・マインレンダー
芥川龍之介,フランス語
芥川龍之介,ブルジョワジー
芥川龍之介,プラトニック・ラブ
芥川龍之介,プロレタリアート
芥川龍之介,ペトルーシュカ
芥川龍之介,ホトトギス (雑誌)
芥川龍之介,ボリシェヴィキ
芥川龍之介,ミャンマー
芥川龍之介,ヴェネツィア国際映画祭
芥川龍之介,一塊の土
芥川龍之介,三つの宝
芥川龍之介,三田文学
芥川龍之介,上海市
芥川龍之介,上田正昭
芥川龍之介,上野
芥川龍之介,下島勲
芥川龍之介,下総御料牧場
芥川龍之介,不眠症
芥川龍之介,不逞鮮人
芥川龍之介,世界バリバリ★バリュー
芥川龍之介,両国 (墨田区)
芥川龍之介,両国 (東京都)
芥川龍之介,中央区 (東京都)
芥川龍之介,中華民国の歴史
芥川龍之介,主治医
芥川龍之介,久米正雄
芥川龍之介,五七桐
芥川龍之介,京橋区
芥川龍之介,人の始期
芥川龍之介,今昔物語集
芥川龍之介,仙人 (小説)
芥川龍之介,伊藤野枝
芥川龍之介,佐藤春夫
芥川龍之介,佐野文夫
芥川龍之介,体操
芥川龍之介,作曲家
芥川龍之介,侏儒の言葉
芥川龍之介,保吉の手帳から
芥川龍之介,俳人
芥川龍之介,俳優
芥川龍之介,俳号
芥川龍之介,倉田百三
芥川龍之介,偸盗 (小説)
芥川龍之介,元号
芥川龍之介,八宝飯 (芥川龍之介)
芥川龍之介,六の宮の姫君
芥川龍之介,内田百閒
芥川龍之介,初瀬 (戦艦)
芥川龍之介,別荘
芥川龍之介,利己主義
芥川龍之介,勧農局
芥川龍之介,北京市
芥川龍之介,北区 (東京都)
芥川龍之介,北豊島郡
芥川龍之介,十重田裕一
芥川龍之介,南京の基督
芥川龍之介,原書房
芥川龍之介,厭世観
芥川龍之介,収監
芥川龍之介,吉原遊廓
芥川龍之介,同人誌
芥川龍之介,和樂
芥川龍之介,国木田独歩
芥川龍之介,国立国会図書館
芥川龍之介,土屋文明
芥川龍之介,地獄変
芥川龍之介,堀辰雄
芥川龍之介,報恩記
芥川龍之介,塚本善五郎
芥川龍之介,墨田区
芥川龍之介,墨田区立両国小学校
芥川龍之介,士族
芥川龍之介,夏休み
芥川龍之介,夏目漱石
芥川龍之介,大修館書店
芥川龍之介,大導寺信輔の半生
芥川龍之介,大日本帝国
芥川龍之介,大日本帝国海軍
芥川龍之介,大日本帝国陸軍
芥川龍之介,大本
芥川龍之介,大杉栄
芥川龍之介,大正天皇
芥川龍之介,大胆MAP
芥川龍之介,大阪毎日新聞
芥川龍之介,天照大神
芥川龍之介,天皇
芥川龍之介,太陽神
芥川龍之介,奉教人の死
芥川龍之介,学士（文学）
芥川龍之介,学生寮
芥川龍之介,宇治拾遺物語
芥川龍之介,宇野浩二
芥川龍之介,実践女子大学
芥川龍之介,室生犀星
芥川龍之介,家紋
芥川龍之介,将軍 (芥川龍之介の小説)
芥川龍之介,尋常小学校
芥川龍之介,小僧の神様
芥川龍之介,小島政二郎
芥川龍之介,小沢碧童
芥川龍之介,小穴隆一
芥川龍之介,小説家
芥川龍之介,少佐
芥川龍之介,履歴書
芥川龍之介,山崎光夫
芥川龍之介,山本喜誉司
芥川龍之介,山縣有朋
芥川龍之介,岩波書店
芥川龍之介,岩波茂雄
芥川龍之介,岸田劉生
芥川龍之介,川端俊英
芥川龍之介,川端康成
芥川龍之介,巣鴨
芥川龍之介,市河三喜
芥川龍之介,帝国ホテル
芥川龍之介,帝国主義
芥川龍之介,平安時代
芥川龍之介,幸徳事件
芥川龍之介,弁護士
芥川龍之介,弔辞
芥川龍之介,御楯隊
芥川龍之介,徳富蘆花
芥川龍之介,徳川氏
芥川龍之介,志賀直哉
芥川龍之介,恒藤恭
芥川龍之介,慈眼寺 (豊島区)
芥川龍之介,慶應義塾大学大学院文学研究科・文学部
芥川龍之介,成瀬正一 (フランス文学者)
芥川龍之介,戒名
芥川龍之介,或阿呆の一生
芥川龍之介,戦艦「初瀬」と「八島」の撃沈
芥川龍之介,戯作三昧
芥川龍之介,戸籍
芥川龍之介,手巾 (小説)
芥川龍之介,手風琴
芥川龍之介,抒情詩
芥川龍之介,改造 (雑誌)
芥川龍之介,改造社
芥川龍之介,放火罪
芥川龍之介,数学 (教科)
芥川龍之介,敷島 (たばこ)
芥川龍之介,敷島型戦艦
芥川龍之介,文人 (日本)
芥川龍之介,文化学院
芥川龍之介,文芸春秋社
芥川龍之介,文芸的な、余りに文芸的な
芥川龍之介,文藝春秋
芥川龍之介,斎藤茂吉
芥川龍之介,新型コロナウイルス感染症 (2019年)
芥川龍之介,新宗教
芥川龍之介,新宿二丁目
芥川龍之介,新思潮
芥川龍之介,新潮社
芥川龍之介,新現実主義
芥川龍之介,旅館東屋
芥川龍之介,旋頭歌
芥川龍之介,日夏耿之介
芥川龍之介,日本
芥川龍之介,日本の刑務所
芥川龍之介,日本エディタースクール
芥川龍之介,日本語
芥川龍之介,日蓮宗
芥川龍之介,日記
芥川龍之介,日露戦争
芥川龍之介,旧家
芥川龍之介,旧軽井沢
芥川龍之介,明治
芥川龍之介,明石町 (東京都中央区)
芥川龍之介,春の心臓
芥川龍之介,昭和
芥川龍之介,昭和天皇
芥川龍之介,時刻
芥川龍之介,服毒
芥川龍之介,朝日新聞社
芥川龍之介,末期の眼
芥川龍之介,本所区
芥川龍之介,村上龍
芥川龍之介,杜子春
芥川龍之介,東京会館
芥川龍之介,東京大学
芥川龍之介,東京市
芥川龍之介,東京府
芥川龍之介,東京都
芥川龍之介,東京都立両国高等学校・附属中学校
芥川龍之介,松岡讓
芥川龍之介,松本健一
芥川龍之介,枯野抄
芥川龍之介,桃太郎
芥川龍之介,森鷗外
芥川龍之介,植民地
芥川龍之介,検閲
芥川龍之介,歯車 (小説)
芥川龍之介,死霊の恋
芥川龍之介,毎日新聞出版
芥川龍之介,永原慶二
芥川龍之介,永見徳太郎
芥川龍之介,江口渙
芥川龍之介,江戸時代
芥川龍之介,河東碧梧桐
芥川龍之介,河童 (小説)
芥川龍之介,治安維持法
芥川龍之介,法案
芥川龍之介,津田秀夫
芥川龍之介,浅草公園
芥川龍之介,浅草公園 (芥川龍之介)
芥川龍之介,浅野和三郎
芥川龍之介,海紅
芥川龍之介,海軍機関学校
芥川龍之介,渋沢栄一
芥川龍之介,渋沢秀雄
芥川龍之介,渡部麻実
芥川龍之介,湯河原町
芥川龍之介,源義仲
芥川龍之介,滝野川区
芥川龍之介,滝野川町
芥川龍之介,漱石山房の冬
芥川龍之介,澤木四方吉
芥川龍之介,火の鳥 (ストラヴィンスキー)
芥川龍之介,点鬼簿
芥川龍之介,煙草
芥川龍之介,煙草と悪魔
芥川龍之介,片山広子
芥川龍之介,片野善一郎
芥川龍之介,片頭痛
芥川龍之介,牛乳
芥川龍之介,犬と笛
芥川龍之介,猿蟹合戦 (芥川龍之介)
芥川龍之介,玄鶴山房
芥川龍之介,王朝
芥川龍之介,現人神
芥川龍之介,甘粕事件
芥川龍之介,田端 (東京都北区)
芥川龍之介,田端文士村
芥川龍之介,画家
芥川龍之介,畔柳芥舟
芥川龍之介,皇祖神
芥川龍之介,直木三十五賞
芥川龍之介,睡眠薬
芥川龍之介,矢内原忠雄
芥川龍之介,短歌
芥川龍之介,短編小説
芥川龍之介,社会主義
芥川龍之介,神神の微笑
芥川龍之介,神経衰弱 (精神疾患)
芥川龍之介,私小説
芥川龍之介,秋 (芥川龍之介)
芥川龍之介,章炳麟
芥川龍之介,第一高等学校 (旧制)
芥川龍之介,糸女覚え書
芥川龍之介,細木香以
芥川龍之介,結婚
芥川龍之介,続西方の人
芥川龍之介,羅生門 (1950年の映画)
芥川龍之介,羅生門 (小説)
芥川龍之介,美和町 (山口県)
芥川龍之介,翻訳者
芥川龍之介,老年 (小説)
芥川龍之介,胃潰瘍
芥川龍之介,胡適
芥川龍之介,腸カタル
芥川龍之介,自殺
芥川龍之介,自殺・自決・自害した日本の著名人物一覧
芥川龍之介,自然神
芥川龍之介,自警団
芥川龍之介,舞踏会 (小説)
芥川龍之介,色紙
芥川龍之介,芋粥
芥川龍之介,芥川也寸志
芥川龍之介,芥川文
芥川龍之介,芥川比呂志
芥川龍之介,芥川瑠璃子
芥川龍之介,芥川耿子
芥川龍之介,芥川貴之志
芥川龍之介,芥川賞
芥川龍之介,芥川麻実子
芥川龍之介,芥川龍之介賞
芥川龍之介,芥川（間所）紗織
芥川龍之介,芸術のための芸術
芥川龍之介,英文学
芥川龍之介,草笛光子
芥川龍之介,菊池寛
芥川龍之介,萩原朔太郎
芥川龍之介,萩藩
芥川龍之介,葛巻義敏
芥川龍之介,葛飾北斎
芥川龍之介,葬儀
芥川龍之介,藤井松一
芥川龍之介,藤原彰
芥川龍之介,藪の中
芥川龍之介,蜃気楼 (小説)
芥川龍之介,蜘蛛の糸
芥川龍之介,蜜柑 (小説)
芥川龍之介,西方の人
芥川龍之介,詐欺罪
芥川龍之介,誘惑 (芥川龍之介の小説)
芥川龍之介,谷崎潤一郎
芥川龍之介,豊島与志雄
芥川龍之介,豊島区
芥川龍之介,赤い鳥
芥川龍之介,軍人
芥川龍之介,軽井沢町
芥川龍之介,辞世
芥川龍之介,近藤富枝
芥川龍之介,近藤浩一路
芥川龍之介,遊女
芥川龍之介,運 (小説)
芥川龍之介,道祖問答
芥川龍之介,遺書
芥川龍之介,避暑地
芥川龍之介,邪宗門
芥川龍之介,邪宗門 (芥川龍之介)
芥川龍之介,鈴木三重吉
芥川龍之介,銀座
芥川龍之介,鎌倉市
芥川龍之介,長崎市
芥川龍之介,長州征討
芥川龍之介,閃輝暗点
芥川龍之介,関口安義
芥川龍之介,関東大震災
芥川龍之介,関東大震災朝鮮人虐殺事件
芥川龍之介,陸軍幼年学校
芥川龍之介,雛 (小説)
芥川龍之介,青山学院女子短期大学
芥川龍之介,青空文庫
芥川龍之介,風呂
芥川龍之介,養子縁組
芥川龍之介,高浜虚子
芥川龍之介,魔術 (小説)
芥川龍之介,魚河岸
芥川龍之介,魚河岸 (小説)
芥川龍之介,鵠沼
芥川龍之介,黒澤明
芥川龍之介,黒衣聖母
芥川龍之介,鼻 (芥川龍之介)
芥川龍之介,Template:Cite news
芥川龍之介,Template:Infobox 作家
芥川龍之介,Template:芥川龍之介
芥川龍之介,Template‐ノート:芥川龍之介
芥川龍之介,Help:CS1テンプレートエラー
芥川龍之介,Help:典拠管理
芥川龍之介,Help:脚注/読者向け
芥川龍之介,Category:テンプレート呼び出しエラーのあるページ/CS1/日付関連
芥川龍之介,Category:芥川龍之介
芥川龍之介,Category:芥川龍之介の小説
芥川龍之介,Category:芥川龍之介原作の映画作品
芥川龍之介,Portal:文学
宮沢賢治,10月10日
宮沢賢治,10月19日
宮沢賢治,12月14日
宮沢賢治,1840年
宮沢賢治,1851年
宮沢賢治,1874年
宮沢賢治,1877年
宮沢賢治,1896年
宮沢賢治,1898年
宮沢賢治,1901年
宮沢賢治,1902年
宮沢賢治,1903年
宮沢賢治,1904年
宮沢賢治,1907年
宮沢賢治,1909年
宮沢賢治,1913年
宮沢賢治,1914年
宮沢賢治,1915年
宮沢賢治,1916年
宮沢賢治,1917年
宮沢賢治,1918年
宮沢賢治,1919年
宮沢賢治,1920年
宮沢賢治,1921年
宮沢賢治,1922年
宮沢賢治,1923年
宮沢賢治,1924年
宮沢賢治,1925年
宮沢賢治,1926年
宮沢賢治,1927年
宮沢賢治,1928年
宮沢賢治,1930年
宮沢賢治,1931年
宮沢賢治,1932年
宮沢賢治,1933年
宮沢賢治,1934年
宮沢賢治,1951年
宮沢賢治,1957年
宮沢賢治,1958年
宮沢賢治,1963年
宮沢賢治,1971年
宮沢賢治,1980年
宮沢賢治,1981年
宮沢賢治,1987年
宮沢賢治,1993年
宮沢賢治,1994年
宮沢賢治,1996年
宮沢賢治,1997年
宮沢賢治,1998年
宮沢賢治,2001年
宮沢賢治,2012年
宮沢賢治,2014年
宮沢賢治,2017年
宮沢賢治,7月11日
宮沢賢治,7月8日
宮沢賢治,8月24日
宮沢賢治,8月27日
宮沢賢治,8月6日
宮沢賢治,9月14日
宮沢賢治,9月21日
宮沢賢治,ISBN
宮沢賢治,ISSN
宮沢賢治,NAID (識別子)
宮沢賢治,NCID (識別子)
宮沢賢治,NHKアーカイブスポータル
宮沢賢治,NHK総合テレビジョン
宮沢賢治,NPO法人
宮沢賢治,PHP研究所
宮沢賢治,TBSテレビ
宮沢賢治,WOWOW
宮沢賢治,おかず
宮沢賢治,かしわばやしの夜
宮沢賢治,ご飯
宮沢賢治,さるのこしかけ (小説)
宮沢賢治,ざしき童子のはなし
宮沢賢治,そろばん
宮沢賢治,たばこ
宮沢賢治,ちくま学芸文庫
宮沢賢治,ちくま文庫
宮沢賢治,どんぐりと山猫
宮沢賢治,なめとこ山の熊
宮沢賢治,ひっつみ
宮沢賢治,ますむらひろし
宮沢賢治,めくらぶどうと虹
宮沢賢治,めんこ
宮沢賢治,もりおか啄木・賢治青春館
宮沢賢治,やまなし
宮沢賢治,よだかの星
宮沢賢治,わが心の銀河鉄道 宮沢賢治物語
宮沢賢治,わたしの宮沢賢治
宮沢賢治,アスファルト
宮沢賢治,アドベンチャーゲーム
宮沢賢治,アメリカ合衆国
宮沢賢治,アントニン・ドヴォルザーク
宮沢賢治,イギリス
宮沢賢治,イーハトーブ
宮沢賢治,イーハトーブの風景地
宮沢賢治,イーハトーブ幻想〜KENjIの春
宮沢賢治,イーハトーボの劇列車
宮沢賢治,イーハトーヴォ物語
宮沢賢治,イーハトーヴ交響曲
宮沢賢治,ウィキクォート
宮沢賢治,ウェイバックマシン
宮沢賢治,エクトール・アンリ・マロ
宮沢賢治,エジコ
宮沢賢治,エスペラント
宮沢賢治,エピソード
宮沢賢治,エロティシズム
宮沢賢治,オツベルと象
宮沢賢治,オブラート
宮沢賢治,オルガン
宮沢賢治,カイロ団長
宮沢賢治,キリスト教
宮沢賢治,ギャラクシー賞
宮沢賢治,クルミ
宮沢賢治,クンねずみ
宮沢賢治,グスコーブドリの伝記
宮沢賢治,グルメ漫画
宮沢賢治,コスモポリタニズム
宮沢賢治,コンピュータRPG
宮沢賢治,サイエンス・フィクション
宮沢賢治,サイダー
宮沢賢治,シグナルとシグナレス
宮沢賢治,ジャガイモ
宮沢賢治,スーパーファミコン
宮沢賢治,セロ弾きのゴーシュ
宮沢賢治,ソレイユ出版
宮沢賢治,ゾッキ本
宮沢賢治,タイプライター
宮沢賢治,タネリはたしかにいちにち噛んでいたようだった
宮沢賢治,ダダイスム
宮沢賢治,チェロ
宮沢賢治,チラシ
宮沢賢治,ツェねずみ
宮沢賢治,テレコムスタッフ
宮沢賢治,テレビアニメ
宮沢賢治,テレビドラマ
宮沢賢治,テレビ岩手
宮沢賢治,トタン
宮沢賢治,トマト
宮沢賢治,トランク
宮沢賢治,ドキュメンタリー
宮沢賢治,ドラマW
宮沢賢治,ドラマ新銀河
宮沢賢治,ナショナリズム
宮沢賢治,ナメトコ山
宮沢賢治,ハンス・クリスチャン・アンデルセン
宮沢賢治,ハヴロック・エリス
宮沢賢治,ヒヤシンス
宮沢賢治,ヒューマニズム
宮沢賢治,ビジテリアン大祭
宮沢賢治,ビール
宮沢賢治,ファシズム
宮沢賢治,ファンタジー作家一覧
宮沢賢治,フランドン農学校の豚
宮沢賢治,ヘクト (ゲーム会社)
宮沢賢治,ヘンリー・タッピング
宮沢賢治,ポラーノの広場
宮沢賢治,ポリドール・レコード
宮沢賢治,マザーアース (楽譜出版社)
宮沢賢治,マリヴロンと少女
宮沢賢治,ミネルヴァ日本評伝選
宮沢賢治,ミネルヴァ書房
宮沢賢治,モーター
宮沢賢治,ラジオ
宮沢賢治,リヤカー
宮沢賢治,ルートヴィヒ・ヴァン・ベートーヴェン
宮沢賢治,レコード
宮沢賢治,ロシア
宮沢賢治,一関市
宮沢賢治,三上博史
宮沢賢治,三井財閥
宮沢賢治,三味線
宮沢賢治,三菱財閥
宮沢賢治,上田哲
宮沢賢治,上野駅
宮沢賢治,下宿
宮沢賢治,中公文庫
宮沢賢治,中原中也
宮沢賢治,久世番子
宮沢賢治,予科
宮沢賢治,五来素川
宮沢賢治,井上ひさし
宮沢賢治,井戸
宮沢賢治,交響曲
宮沢賢治,人工宝石
宮沢賢治,今野勉
宮沢賢治,仏教
宮沢賢治,仏教哲学
宮沢賢治,仙台市
宮沢賢治,伊勢
宮沢賢治,伊勢神宮
宮沢賢治,伊藤儀兵衛
宮沢賢治,伊豆大島
宮沢賢治,伏字
宮沢賢治,佐々木喜善
宮沢賢治,佐藤惣之助
宮沢賢治,作曲
宮沢賢治,作詞
宮沢賢治,保阪嘉内
宮沢賢治,光文社新書
宮沢賢治,児童文学作家一覧
宮沢賢治,全日本テレビ番組製作社連盟
宮沢賢治,全集
宮沢賢治,冨田勲
宮沢賢治,冬瓜
宮沢賢治,出家
宮沢賢治,刺身
宮沢賢治,加藤直
宮沢賢治,勉誠出版
宮沢賢治,勘定奉行
宮沢賢治,化学同人
宮沢賢治,化石
宮沢賢治,北上川
宮沢賢治,北守将軍と三人兄弟の医者
宮沢賢治,北山年夫
宮沢賢治,千葉一幹
宮沢賢治,南昌山
宮沢賢治,卸売
宮沢賢治,原体剣舞連
宮沢賢治,原子朗
宮沢賢治,古書店
宮沢賢治,吉本隆明
宮沢賢治,吉田司
宮沢賢治,吉田重滿
宮沢賢治,同人誌
宮沢賢治,和賀郡
宮沢賢治,喀血
宮沢賢治,囲碁
宮沢賢治,国柱会
宮沢賢治,国粋主義
宮沢賢治,土壌学
宮沢賢治,土神と狐
宮沢賢治,土蔵
宮沢賢治,地学
宮沢賢治,堀尾青史
宮沢賢治,外食
宮沢賢治,大修館書店
宮沢賢治,大森一樹
宮沢賢治,大正
宮沢賢治,大腸カタル
宮沢賢治,天ぷら
宮沢賢治,天丼
宮沢賢治,天気輪
宮沢賢治,天沢退二郎
宮沢賢治,太平洋戦争
宮沢賢治,太陽と風の家
宮沢賢治,奈良
宮沢賢治,妙法蓮華経
宮沢賢治,学生寮
宮沢賢治,学級担任
宮沢賢治,安浄寺 (花巻市)
宮沢賢治,定方晟
宮沢賢治,宮下隆二
宮沢賢治,宮崎駿
宮沢賢治,宮沢トシ
宮沢賢治,宮沢清六
宮沢賢治,宮沢賢治 (小惑星)
宮沢賢治,宮沢賢治の食卓
宮沢賢治,宮沢賢治記念館
宮沢賢治,宮沢賢治賞・イーハトーブ賞
宮沢賢治,宮澤健二
宮沢賢治,宮澤政次郎
宮沢賢治,宮澤清六
宮沢賢治,宮澤賢治 その愛
宮沢賢治,家なき子
宮沢賢治,家出
宮沢賢治,家政学部
宮沢賢治,密造酒
宮沢賢治,寓話
宮沢賢治,将棋
宮沢賢治,尋常小学校
宮沢賢治,小作制度
宮沢賢治,小切手
宮沢賢治,小学校
宮沢賢治,小菅健吉
宮沢賢治,小説
宮沢賢治,小豆
宮沢賢治,少年画報社
宮沢賢治,履歴書
宮沢賢治,山下聖美
宮沢賢治,山折哲雄
宮沢賢治,山村暮鳥
宮沢賢治,山男の四月
宮沢賢治,山車
宮沢賢治,岩手大学
宮沢賢治,岩手大学大学院連合農学研究科・獣医学研究科・農学部
宮沢賢治,岩手山
宮沢賢治,岩手日報
宮沢賢治,岩手朝日テレビ
宮沢賢治,岩手県
宮沢賢治,岩手県立盛岡第一高等学校
宮沢賢治,岩手県立花巻農業高等学校
宮沢賢治,岩手軽便鉄道
宮沢賢治,岩手郡
宮沢賢治,岩波現代文庫
宮沢賢治,島地大等
宮沢賢治,左右社
宮沢賢治,布川敏和
宮沢賢治,平凡社ライブラリー
宮沢賢治,平凡社新書
宮沢賢治,平沢進
宮沢賢治,弘文堂
宮沢賢治,得業士
宮沢賢治,徳富蘇峰
宮沢賢治,徴兵検査
宮沢賢治,念仏
宮沢賢治,思い出食堂
宮沢賢治,性欲
宮沢賢治,愁いの王 -宮澤賢治-
宮沢賢治,愛知県
宮沢賢治,戒名
宮沢賢治,戯曲
宮沢賢治,手塚治虫
宮沢賢治,折伏
宮沢賢治,押入れ
宮沢賢治,挿絵
宮沢賢治,推敲
宮沢賢治,擬声語
宮沢賢治,救済
宮沢賢治,教浄寺 (盛岡市)
宮沢賢治,教諭
宮沢賢治,文芸春秋
宮沢賢治,斎藤宗次郎
宮沢賢治,斎藤文一
宮沢賢治,新典社
宮沢賢治,新潮文庫
宮沢賢治,新潮新書
宮沢賢治,新潮社
宮沢賢治,新美南吉
宮沢賢治,新藤兼人
宮沢賢治,日本
宮沢賢治,日本の小説家一覧
宮沢賢治,日本ビクター
宮沢賢治,日本大学カザルスホール
宮沢賢治,日本女子大学
宮沢賢治,日本経済新聞
宮沢賢治,日本語
宮沢賢治,日蓮
宮沢賢治,日蓮宗
宮沢賢治,日詰町
宮沢賢治,旧暦
宮沢賢治,早坂一郎
宮沢賢治,昆虫
宮沢賢治,明治
宮沢賢治,明治三陸地震
宮沢賢治,星めぐりの歌
宮沢賢治,春と修羅
宮沢賢治,春画
宮沢賢治,昭和
宮沢賢治,昭和三陸地震
宮沢賢治,時宗
宮沢賢治,暁烏敏
宮沢賢治,月に吠える (萩原朔太郎の詩集)
宮沢賢治,月夜のでんしんばしら
宮沢賢治,未知谷
宮沢賢治,末法無戒
宮沢賢治,本郷 (文京区)
宮沢賢治,東京
宮沢賢治,東京大学医学部附属病院
宮沢賢治,東京大学大学院人文社会系研究科・文学部
宮沢賢治,東北帝国大学
宮沢賢治,東磐井郡
宮沢賢治,松本零士
宮沢賢治,松田甚次郎
宮沢賢治,柴英三郎
宮沢賢治,桜地人館
宮沢賢治,棟方志功
宮沢賢治,森荘已池
宮沢賢治,楢ノ木大学士の野宿
宮沢賢治,標本
宮沢賢治,樺太
宮沢賢治,檀家
宮沢賢治,正信偈
宮沢賢治,正字
宮沢賢治,正木晃
宮沢賢治,歴史家
宮沢賢治,比叡山
宮沢賢治,比叡山延暦寺
宮沢賢治,民俗学
宮沢賢治,民生委員
宮沢賢治,民話
宮沢賢治,水
宮沢賢治,水仙月の四日
宮沢賢治,水沢VLBI観測所
宮沢賢治,水沢市
宮沢賢治,氷河鼠の毛皮
宮沢賢治,江戸川区
宮沢賢治,汽車
宮沢賢治,沢田研二
宮沢賢治,河出書房新社
宮沢賢治,河合隼雄
宮沢賢治,河本緑石
宮沢賢治,河森正治
宮沢賢治,油揚げ
宮沢賢治,法華七喩
宮沢賢治,法華経
宮沢賢治,注文の多い料理店
宮沢賢治,浄土真宗
宮沢賢治,浮世絵
宮沢賢治,海の底の臼
宮沢賢治,清水書院
宮沢賢治,清養院
宮沢賢治,渡部芳紀
宮沢賢治,湯田町
宮沢賢治,満洲国
宮沢賢治,滅私奉公
宮沢賢治,漫画家
宮沢賢治,漬物
宮沢賢治,瀬川弥右衛門
宮沢賢治,火箸
宮沢賢治,烏の北斗七星
宮沢賢治,牛乳
宮沢賢治,物理学
宮沢賢治,特待生
宮沢賢治,独身
宮沢賢治,狼森と笊森、盗森
宮沢賢治,猥談
宮沢賢治,猪俣勝人
宮沢賢治,猫
宮沢賢治,猫の事務所
宮沢賢治,理想主義
宮沢賢治,理想郷
宮沢賢治,琴
宮沢賢治,田中智学
宮沢賢治,田中智學
宮沢賢治,畑山博
宮沢賢治,発疹チフス
宮沢賢治,白骨の御文章
宮沢賢治,盛岡市
宮沢賢治,盛岡第一高等学校
宮沢賢治,盛岡藩
宮沢賢治,盛岡高等農林学校
宮沢賢治,直木三十五賞
宮沢賢治,眞鍋理一郎
宮沢賢治,真宗大谷派
宮沢賢治,短歌
宮沢賢治,短編小説
宮沢賢治,石と賢治のミュージアム
宮沢賢治,石原莞爾
宮沢賢治,石川啄木
宮沢賢治,石灰岩
宮沢賢治,石鏃
宮沢賢治,社会主義
宮沢賢治,神山征二郎
宮沢賢治,神戸山手大学
宮沢賢治,神格化
宮沢賢治,神田駿河台
宮沢賢治,神輿
宮沢賢治,祭の晩
宮沢賢治,禁欲主義
宮沢賢治,私塾
宮沢賢治,秋田県
宮沢賢治,税務署長の冒険
宮沢賢治,稗貫郡
宮沢賢治,種山ヶ原
宮沢賢治,童話
宮沢賢治,童話作家
宮沢賢治,童貞
宮沢賢治,第二次世界大戦
宮沢賢治,筑摩書房
宮沢賢治,米地文夫
宮沢賢治,米村みゆき
宮沢賢治,米津玄師
宮沢賢治,精神医学
宮沢賢治,精進料理
宮沢賢治,納谷悟郎
宮沢賢治,紫波町
宮沢賢治,紫波郡
宮沢賢治,経埋ムベキ山
宮沢賢治,結核
宮沢賢治,総代
宮沢賢治,緒形直人
宮沢賢治,羅須地人協会
宮沢賢治,翻案
宮沢賢治,聖人
宮沢賢治,肋膜炎
宮沢賢治,肖像
宮沢賢治,肥料
宮沢賢治,肺浸潤
宮沢賢治,肺炎
宮沢賢治,胆沢郡
宮沢賢治,脚気
宮沢賢治,自己犠牲
宮沢賢治,色川大吉
宮沢賢治,芋
宮沢賢治,花巻川口町
宮沢賢治,花巻市
宮沢賢治,花巻温泉
宮沢賢治,花巻町
宮沢賢治,花鳥社
宮沢賢治,茶碗蒸し
宮沢賢治,草野心平
宮沢賢治,荻野真
宮沢賢治,菅田将暉
宮沢賢治,菜食
宮沢賢治,菜食主義
宮沢賢治,菩提寺
宮沢賢治,萩原朔太郎
宮沢賢治,蓄音機
宮沢賢治,蕎麦
宮沢賢治,蕎麦がき
宮沢賢治,藤原嘉藤治
宮沢賢治,虔十公園林
宮沢賢治,褒章
宮沢賢治,西和賀町
宮沢賢治,見合い
宮沢賢治,見田宗介
宮沢賢治,角川文庫
宮沢賢治,解毒剤
宮沢賢治,詩
宮沢賢治,詩人
宮沢賢治,詩集
宮沢賢治,話題
宮沢賢治,読売新聞
宮沢賢治,調停委員
宮沢賢治,謄写版
宮沢賢治,講談社
宮沢賢治,谷口義明
宮沢賢治,豆腐
宮沢賢治,貝の火
宮沢賢治,賢治のほほえみ
宮沢賢治,質屋
宮沢賢治,贖罪
宮沢賢治,赤い鳥
宮沢賢治,赤痢
宮沢賢治,身照寺
宮沢賢治,軍国主義
宮沢賢治,農家
宮沢賢治,農閑期
宮沢賢治,辻潤
宮沢賢治,退学
宮沢賢治,週刊ヤングジャンプ
宮沢賢治,遊廓
宮沢賢治,遺書
宮沢賢治,那須真知子
宮沢賢治,郷土愛
宮沢賢治,酒
宮沢賢治,酵母
宮沢賢治,野々上慶一
宮沢賢治,金子七郎兵衛
宮沢賢治,金子務
宮沢賢治,釜石市
宮沢賢治,鈴木三重吉
宮沢賢治,鈴木亮平 (俳優)
宮沢賢治,鈴木健司 (国文学者)
宮沢賢治,鈴木東民
宮沢賢治,鈴木貞美
宮沢賢治,鉱物
宮沢賢治,銀河鉄道の夜
宮沢賢治,銀河鉄道の夜の原稿
宮沢賢治,銀河鉄道の父
宮沢賢治,鋤
宮沢賢治,鍬
宮沢賢治,門井慶喜
宮沢賢治,関豊太郎
宮沢賢治,阿部孝
宮沢賢治,陸中松川駅
宮沢賢治,陸羽地震
宮沢賢治,雁の童子
宮沢賢治,集英社
宮沢賢治,雨ニモマケズ
宮沢賢治,雪渡り
宮沢賢治,電報
宮沢賢治,青弓社
宮沢賢治,青空文庫
宮沢賢治,鞍掛山 (岩手県)
宮沢賢治,音質
宮沢賢治,韻文
宮沢賢治,風
宮沢賢治,風の又三郎
宮沢賢治,養蚕
宮沢賢治,高村光太郎
宮沢賢治,高瀬露
宮沢賢治,高田博厚
宮沢賢治,高畑勲
宮沢賢治,高知大学
宮沢賢治,高等農林学校
宮沢賢治,魚乃目三太
宮沢賢治,鯉
宮沢賢治,鰻丼
宮沢賢治,鳥箱先生とフウねずみ
宮沢賢治,鳥谷ヶ崎神社
宮沢賢治,鶏卵
宮沢賢治,鶯谷
宮沢賢治,鹿踊りのはじまり
宮沢賢治,麦飯
宮沢賢治,黒ぶだう
宮沢賢治,鼻炎
宮沢賢治,Wikipedia:「要出典」をクリックされた方へ
宮沢賢治,Wikipedia:出典を明記する
宮沢賢治,Wikipedia:良質な記事
宮沢賢治,Template:Infobox 作家
宮沢賢治,Template:宮沢賢治
宮沢賢治,Template‐ノート:宮沢賢治
宮沢賢治,Help:典拠管理
宮沢賢治,Help:脚注/読者向け
宮沢賢治,Category:宮沢賢治
宮沢賢治,Category:宮沢賢治の童話
宮沢賢治,Category:宮沢賢治の童話を題材とした作品
宮沢賢治,Portal:文学
